id,theme,scenario_id,scenario_text,question_number,question,option_a,option_b,option_c,option_d,correct_answer,feedback_correct,feedback_incorrect
1,Gestion et organisation des soins,1,"Mme Lavoie, 62 ans, est admise à l’urgence pour polyurie, polydipsie et perte de poids de 8 kg en 2 mois. ATCD : diabète type 2, HTA, hypercholestérolémie. TA 138/84 mmHg, FR 22/min, FC 104/min, glycémie capillaire 24 mmol/L, cétonurie +.",1,Quelle donnée clinique supplémentaire est prioritaire à recueillir pour compléter l’évaluation?,Le poids habituel,Le niveau de conscience,L’heure du dernier repas,Les ATCD familiaux,B,Correct : L’état neurologique est prioritaire car l’hyperglycémie sévère peut évoluer vers une altération de conscience.,Incorrect : La donnée prioritaire est l’état neurologique.
2,Gestion et organisation des soins,1,"Mme Lavoie, 62 ans, admise à l’urgence pour hyperglycémie sévère.",2,Quelle intervention infirmière est prioritaire à mettre en place?,Administrer l’insuline prescrite,Encourager à boire de l’eau,"Installer un soluté NaCl 0,9 % IV",Encourager à marcher,C,Correct : La réhydratation IV est prioritaire dans la prise en charge de l’acidocétose diabétique.,Incorrect : L’intervention prioritaire est la réhydratation IV.
3,Hors sujet OIIQ – à réviser,1,"Mme Lavoie, 62 ans, admise à l’urgence pour hyperglycémie sévère.",3,Quels résultats indiquent une amélioration de la condition?,Glycémie 20 mmol/L après 1h,TA 100/60 mmHg et FR 28,Diminution cétonurie + conscience normale,Soif persistante,C,Correct : La normalisation de la conscience et la disparition des cétones indiquent une amélioration.,Incorrect : L’amélioration se juge par la conscience et la disparition des cétones.
4,Gériatrie,2,"M. Dubé, 84 ans, en CHSLD, chute récente sans blessure. ATCD : Parkinson, arthrose genou. Marqueurs : démarche instable, rigidité musculaire.",1,Quelle donnée clinique supplémentaire est prioritaire pour l’évaluation du risque de chute?,Force musculaire des jambes,Niveau de douleur,Vision et audition,Historique tabagique,A,Correct : La force musculaire est essentielle pour évaluer la capacité de marche.,Incorrect : La priorité est la force musculaire.
5,Gériatrie,2,"M. Dubé, 84 ans, en CHSLD, risque élevé de chute.",2,Quelle intervention infirmière est la plus appropriée pour prévenir une chute?,Installer des contentions,Encourager la marche seul,Utiliser une marchette adaptée,Donner des analgésiques,C,Correct : La marchette adaptée réduit le risque de chute et favorise l’autonomie.,Incorrect : La meilleure intervention est l’utilisation d’une marchette adaptée.
6,Périnatalité,3,"Mme Tremblay, 29 ans, 2h post-partum, présente saignement vaginal abondant, utérus mou à la palpation, TA 90/55, FC 120/min.",1,Quelle est l’intervention prioritaire immédiate?,Administrer O2 2 L/min,Installer une sonde urinaire,Masser le fond utérin,Administrer des analgésiques,C,Correct : Le massage utérin est la première intervention en cas d’atonie utérine.,Incorrect : L’intervention prioritaire est le massage utérin.
7,Périnatalité,3,"Mme Tremblay, 29 ans, post-partum hémorragique.",2,Quel signe indique une amélioration après l’intervention?,Uterus ferme et saignement diminué,FC 140/min,TA 85/50 mmHg,Persistance lochies abondantes,A,Correct : Un utérus ferme et une diminution du saignement confirment l’efficacité.,Incorrect : L’amélioration est confirmée par utérus ferme et saignement réduit.
8,Pédiatrie,4,"Émile, 7 ans, asthme, arrive à l’urgence avec dyspnée, tirage intercostal, sibilances, saturation O2 88 %.",1,Quelle intervention infirmière est prioritaire?,Installer une perfusion IV,Administrer bronchodilatateur par nébulisation,Mettre sous oxygène 2 L/min,Encourager respiration lente,B,Correct : Le traitement immédiat est le bronchodilatateur inhalé.,Incorrect : L’intervention prioritaire est le bronchodilatateur nébulisé.
9,Pédiatrie,4,"Émile, 7 ans, crise d’asthme.",2,Quel signe clinique indiquerait une amélioration?,FR 38/min,Saturation O2 95 %,Persistances sibilances,Agitation croissante,B,Correct : Une saturation ≥ 95 % montre l’efficacité du traitement.,Incorrect : Le signe d’amélioration est une saturation de 95 %.
10,Santé mentale,5,"Mme Gagnon, 35 ans, consulte à l’urgence pour idées suicidaires. Elle mentionne avoir un plan précis et accès aux moyens.",1,Quelle est l’intervention prioritaire de l’infirmière?,Donner un anxiolytique,Laisser seule pour réfléchir,Assurer surveillance constante,Informer la famille,C,"Correct : La sécurité de la patiente est prioritaire, incluant une surveillance constante.",Incorrect : La priorité est la surveillance constante.
11,Santé mentale,5,"Mme Gagnon, 35 ans, idées suicidaires.",2,Quelle donnée supplémentaire est essentielle pour évaluer le risque suicidaire?,Présence d’un réseau de soutien,Habitudes alimentaires,Niveau de scolarité,Situation financière,A,Correct : Le soutien social est un facteur protecteur essentiel à évaluer.,Incorrect : La donnée essentielle est le réseau de soutien.
12,Hors sujet OIIQ – à réviser,6,"M. Roy, 27 ans, accident de voiture, perte de conscience 2 min, maintenant éveillé mais vomit à répétition. TA 130/80, FC 88, FR 20.",1,Quel signe serait le plus inquiétant d’une détérioration neurologique?,Somnolence croissante,Douleur céphalique,FC 92/min,Anxiété,A,Correct : Une altération de l’état de conscience est un signe de gravité.,Incorrect : Le signe inquiétant est la somnolence croissante.
13,Gestion et organisation des soins,6,"M. Roy, 27 ans, trauma crânien.",2,Quelle intervention est prioritaire?,Mettre sous oxygène 2 L/min,Administrer analgésiques IV,Surveillance neurologique rapprochée,Donner antiémétiques,C,Correct : La priorité est la surveillance neurologique rapprochée pour détecter aggravation.,Incorrect : L’intervention prioritaire est la surveillance neurologique.
14,Pharmacologie / Calculs,7,"Prescription : Ceftriaxone 2 g IV dans 100 mL NaCl 0,9 % en 30 min. Tubulure calibrée à 20 gtt/mL.",1,Quel est le débit à administrer en gouttes/min?,33 gtt/min,67 gtt/min,20 gtt/min,50 gtt/min,B,"Correct : 100 mL / 30 min = 3,33 mL/min × 20 gtt = 67 gtt/min.",Incorrect : Le calcul correct est 67 gtt/min.
15,Hors sujet OIIQ – à réviser,8,"Clinique CLSC : un parent refuse la vaccination de son enfant de 2 ans, invoquant des craintes d’effets secondaires.",1,Quelle est la meilleure intervention infirmière?,Expliquer calmement les bénéfices et risques,Refuser de donner soins,Signaler aux autorités,Ignorer le refus,A,Correct : L’éducation et l’information permettent un choix éclairé.,Incorrect : L’intervention appropriée est l’éducation et l’explication.
1,Urgences / Soins critiques,,,1,Quelle est la voie d'administration la plus rapide pour un médicament en situation d'urgence?,Orale,Intraveineuse,Intramusculaire,Sous-cutanée,B,Correct! La voie intraveineuse permet une absorption immédiate du médicament directement dans la circulation sanguine.,La voie intraveineuse est la plus rapide car le médicament est directement injecté dans la circulation sanguine.
2,Hors sujet OIIQ – à réviser,,,1,Avant d'administrer de la digoxine l'infirmière doit obligatoirement vérifier:,La pression artérielle,Le pouls apical,La température,La glycémie,B,Excellent! Il faut toujours vérifier le pouls apical avant d'administrer de la digoxine car ce médicament peut causer une bradycardie dangereuse.,Il est essentiel de vérifier le pouls apical avant la digoxine car ce médicament peut ralentir dangereusement le rythme cardiaque.
3,Pharmacologie / Calculs,CALC001,,1,Un patient de 70 kg doit recevoir 15 mg/kg de paracétamol. La concentration disponible est de 10 mg/mL. Combien de mL devez-vous administrer?,105 mL,10.5 mL,1050 mL,150 mL,A,Correct! 70 kg × 15 mg/kg = 1050 mg ÷ 10 mg/mL = 105 mL.,Calcul: dose totale = poids × dose/kg puis volume = dose totale ÷ concentration.
4,Gestion et organisation des soins,SC001,M. Dubois 65 ans est hospitalisé aux soins intensifs suite à un infarctus du myocarde. Il présente une pression artérielle de 80/50 mmHg un pouls de 110 bpm et des signes de détresse respiratoire.,1,Quelle est la priorité immédiate dans les soins à M. Dubois?,Administrer un analgésique,Surveiller la diurèse,Améliorer la perfusion tissulaire,Prendre les signes vitaux,C,Correct! Avec une PA basse et une tachycardie la priorité est d'améliorer la perfusion tissulaire pour éviter le choc cardiogénique.,Avec une hypotension et une tachycardie post-infarctus la priorité est d'améliorer la perfusion tissulaire.
5,Gestion et organisation des soins,SC001,,2,Quel signe surveillez-vous prioritairement chez M. Dubois pour détecter une complication?,La température,Les urines,La saturation en oxygène,La douleur,C,Exact! La saturation en oxygène est critique pour détecter une détresse respiratoire ou un œdème pulmonaire.,La surveillance de la saturation permet de détecter rapidement une insuffisance cardiaque ou un œdème pulmonaire.
6,Gestion et organisation des soins,SC001,,3,Quelle information communiquez-vous au médecin en priorité?,La diurèse des dernières heures,L'évolution de la douleur thoracique,Les signes vitaux actuels,L'état émotionnel du patient,C,Parfait! Les signes vitaux reflètent l'état hémodynamique critique et guident les interventions médicales urgentes.,Les signes vitaux sont prioritaires car ils indiquent l'état hémodynamique et guident le traitement d'urgence.
7,Pédiatrie,PED001,Emma 8 mois est admise pour bronchiolite. Elle présente une fréquence respiratoire de 65/min une toux sèche et des tirades sous-costales. Sa saturation est de 88% à l'air ambiant.,1,Quelle est votre priorité immédiate?,Administrer un bronchodilatateur,Mettre l'enfant sous oxygène,Aspirer les sécrétions,Aviser le médecin,B,Correct! Avec une saturation de 88% l'oxygénothérapie est prioritaire pour corriger l'hypoxémie.,Une saturation de 88% nécessite une oxygénothérapie immédiate chez un nourrisson.
8,Pédiatrie,PED001,,2,Quel signe indique une aggravation de l'état respiratoire d'Emma?,Pleurs intermittents,Battements des ailes du nez,Température à 38°C,Refus de biberon,B,Exact! Le battement des ailes du nez est un signe de détresse respiratoire chez le nourrisson.,Le battement des ailes du nez indique un effort respiratoire important et une détresse respiratoire.
9,Gestion et organisation des soins,OBS001,Sarah 26 ans G2P1 à 38 semaines de grossesse présente des contractions régulières aux 3 minutes depuis 2 heures. Le col est dilaté à 6 cm et les membranes sont rompues depuis 1 heure.,1,Quelle surveillance est prioritaire?,La pression artérielle maternelle,Le rythme cardiaque fœtal,La température maternelle,L'évolution de la dilatation,B,Correct! Avec rupture des membranes la surveillance du RCF est prioritaire pour détecter une souffrance fœtale.,Après rupture des membranes le risque de souffrance fœtale augmente nécessitant une surveillance continue du RCF.
10,Hors sujet OIIQ – à réviser,OBS001,,2,Quel signe vous inquiéterait le plus chez Sarah?,Contractions douloureuses,Liquide amniotique teinté,Envie de pousser,Fatigue importante,B,Exact! Le liquide amniotique teinté peut indiquer une souffrance fœtale nécessitant une intervention rapide.,Le liquide amniotique teinté (méconium) peut signaler une hypoxie fœtale nécessitant une surveillance accrue.
11,Gériatrie,GER001,M. Martin 85 ans présente une démence modérée. Il refuse de prendre ses médicaments ce matin et repousse l'infirmière en criant.,1,Quelle est votre première intervention?,Maintenir le patient et administrer les médicaments,Explorer la cause du refus,Aviser le médecin pour une médication sédative,Demander à la famille d'intervenir,B,Correct! Il faut toujours chercher à comprendre la cause du refus avant d'envisager d'autres interventions.,Chez une personne démente il faut d'abord explorer les causes du refus (douleur peur inconfort) avant d'agir.
12,Gériatrie,GER001,,2,Comment adaptez-vous votre approche avec M. Martin?,Parler fort et clairement,Utiliser des phrases courtes et simples,Expliquer longuement l'importance du traitement,Déléguer à un autre soignant,B,Parfait! Les phrases courtes et simples facilitent la compréhension chez les personnes avec troubles cognitifs.,L'adaptation de la communication avec des phrases simples améliore la compréhension et réduit l'anxiété.
13,Santé mentale,SM001,Julie 19 ans est hospitalisée pour anorexie mentale. Son IMC est de 15 kg/m². Elle refuse de manger et pratique des exercices en cachette dans sa chambre.,1,Quelle est votre priorité dans les soins?,Négocier les repas avec elle,Assurer une surveillance constante,Encourager l'activité physique modérée,Respecter son autonomie alimentaire,B,Correct! Avec un IMC critique la surveillance constante est nécessaire pour prévenir les complications.,Un IMC de 15 kg/m² représente un danger vital nécessitant une surveillance stricte et continue.
14,Santé mentale,SM001,,2,Quel comportement adoptez-vous pendant les repas?,Laisser Julie manger seule pour respecter son intimité,Rester présente mais sans commentaire sur la nourriture,Encourager verbalement chaque bouchée,Menacer de conséquences si elle ne mange pas,B,Exact! Une présence rassurante sans pression sur l'alimentation favorise un climat de confiance.,La présence bienveillante sans commentaires évite la confrontation tout en assurant la surveillance.
15,Pharmacologie / Calculs,CALC002,,1,Un patient doit recevoir une perfusion de dopamine à 5 mcg/kg/min. Il pèse 80 kg. La concentration est de 400 mg dans 250 mL. Quel est le débit en mL/h?,15 mL/h,1.5 mL/h,150 mL/h,0.15 mL/h,A,Correct! 80 kg × 5 mcg/kg/min = 400 mcg/min = 24 mg/h. 24 mg ÷ 1.6 mg/mL = 15 mL/h.,Calcul: dose totale/min × 60 = dose/h puis dose/h ÷ concentration = débit en mL/h.
16,Hors sujet OIIQ – à réviser,CHIR001,M. Leblanc 45 ans revient de bloc opératoire après une cholécystectomie laparoscopique. Il se plaint d'une douleur à l'épaule droite cotée à 6/10.,1,Cette douleur à l'épaule est probablement due à:,Une mauvaise position opératoire,L'irritation du diaphragme par le CO2,Une complication chirurgicale,L'effet de l'anesthésie,B,Correct! Le CO2 insufflé pendant la laparoscopie irrite le diaphragme causant une douleur référée à l'épaule.,Le gaz carbonique utilisé en laparoscopie irrite le diaphragme provoquant une douleur référée à l'épaule.
17,Hors sujet OIIQ – à réviser,CHIR001,,2,Pour soulager cette douleur quelle position recommandez-vous?,Décubitus dorsal strict,Position semi-assise,Décubitus latéral gauche,Position de Trendelenburg,C,Exact! La position latérale gauche aide à déplacer le gaz résiduel et diminue l'irritation diaphragmatique.,Le décubitus latéral gauche favorise la migration du CO2 résiduel et diminue l'irritation du diaphragme.
18,Gestion et organisation des soins,CARD001,Mme Rousseau 68 ans présente une fibrillation auriculaire. Elle prend de la warfarine. Son INR ce matin est de 4.5.,1,Quelle est votre action prioritaire?,Administrer la dose habituelle de warfarine,Arrêter temporairement la warfarine,Doubler la dose de warfarine,Administrer de la vitamine K,B,Correct! Un INR à 4.5 indique un surdosage nécessitant l'arrêt temporaire pour éviter les hémorragies.,Un INR > 4 augmente significativement le risque hémorragique et nécessite l'arrêt du traitement.
19,Gestion et organisation des soins,CARD001,,2,Quel signe surveillez-vous prioritairement?,Les signes de thrombose,Les signes d'hémorragie,L'efficacité cardiaque,La fonction rénale,B,Parfait! Avec un INR élevé la surveillance hémorragique est prioritaire (epistaxis ecchymoses saignements).,Un INR élevé prédispose aux hémorragies qui peuvent être fatales si non détectées rapidement.
20,Hors sujet OIIQ – à réviser,NEURO001,M. Petit 55 ans est admis pour AVC ischémique. Il présente une hémiparésie gauche et des troubles de la déglutition.,1,Avant de donner à boire quelle évaluation effectuez-vous?,Test de déglutition avec de l'eau,Vérification de la conscience,Auscultation pulmonaire,Prise de la température,A,Correct! Un test de déglutition préalable évalue le risque d'aspiration chez un patient post-AVC.,Les troubles de déglutition post-AVC nécessitent une évaluation spécifique avant toute prise orale.
21,Hors sujet OIIQ – à réviser,NEURO001,,2,Quelle position adoptez-vous pour l'alimentation?,Décubitus dorsal,Position assise à 90°,Décubitus latéral,Position semi-assise à 45°,B,Exact! La position assise favorise la déglutition et réduit le risque d'aspiration.,La position assise optimise la mécanique de déglutition et minimise les risques d'aspiration.
22,Hors sujet OIIQ – à réviser,ENDO001,M. Ahmed diabétique type 1 présente une glycémie à 2.8 mmol/L. Il est conscient mais confus et diaphorétique.,1,Quelle est votre intervention immédiate?,Administrer de l'insuline,Donner 15g de glucides simples,Appeler le médecin,Vérifier la glycémie dans 1 heure,B,Correct! Une hypoglycémie consciente se traite par 15g de glucides à action rapide.,L'hypoglycémie symptomatique nécessite un traitement immédiat par des glucides rapides.
23,Hors sujet OIIQ – à réviser,ENDO001,,3,Après 15 minutes la glycémie est à 3.2 mmol/L. Que faites-vous?,Donner à nouveau 15g de glucides,Administrer du glucose IV,Donner une collation complexe,Attendre 15 minutes supplémentaires,A,Exact! Si la glycémie reste sous 4 mmol/L il faut répéter l'administration de 15g de glucides.,Le protocole d'hypoglycémie prévoit de répéter 15g de glucides si la glycémie reste < 4 mmol/L.
24,Gestion et organisation des soins,PNEUMO001,Mme Caron 72 ans MPOC sévère présente une dyspnée au repos. Sa saturation est de 85% sous 2L d'O2.,1,Quelle est votre action prioritaire?,Augmenter l'oxygène à 6L,Augmenter progressivement l'O2 à 4L,Placer en position de Fowler,Administrer un bronchodilatateur,C,Correct! La position de Fowler optimise la ventilation avant d'ajuster l'oxygénothérapie.,Chez un patient MPOC la position est prioritaire car elle améliore immédiatement la mécanique ventilatoire.
25,Pharmacologie / Calculs,PNEUMO001,,2,Pourquoi évitez-vous un débit d'O2 trop élevé chez cette patiente?,Risque de toxicité à l'oxygène,Risque de dépression respiratoire,Assèchement des muqueuses,Coût économique,B,Parfait! Chez les MPOC l'hypoxie stimule la respiration un excès d'O2 peut déprimer le centre respiratoire.,Les patients MPOC dépendent de l'hypoxie pour stimuler leur respiration l'excès d'O2 peut être dangereux.
26,Hors sujet OIIQ – à réviser,NEPHRO001,M. Roy en hémodialyse chronique présente un gain de poids de 4 kg depuis la dernière séance. Il se plaint d'essoufflement.,1,Ce tableau évoque principalement:,Une infection respiratoire,Une surcharge volémique,Une embolie pulmonaire,Une crise hypertensive,B,Correct! Le gain de poids inter-dialyse avec dyspnée évoque une surcharge hydrique.,Chez un dialysé le gain de poids rapide avec dyspnée indique une rétention hydrique excessive.
27,Hors sujet OIIQ – à réviser,NEPHRO001,,2,Quelle surveillance renforcez-vous?,La diurèse,La pression artérielle,La température,La glycémie,B,Exact! La surcharge volémique s'accompagne souvent d'hypertension nécessitant une surveillance étroite.,La surcharge hydrique provoque une élévation tensionnelle pouvant être dangereuse.
28,Pédiatrie,CALC003,,1,Un enfant de 25 kg doit recevoir de l'amoxicilline 40 mg/kg/jour en 3 prises. Chaque dose contient combien de mg?,333 mg,1000 mg,125 mg,250 mg,A,Correct! 25 kg × 40 mg/kg = 1000 mg/jour ÷ 3 prises = 333 mg par prise.,Dose totale journalière divisée par le nombre de prises donne la dose unitaire.
29,Hors sujet OIIQ – à réviser,HEMA001,Mme Blanc traités par chimiothérapie présente une neutropénie sévère (500 neutrophiles/mm³). Elle développe une fièvre à 38.5°C.,1,Cette situation constitue:,Une urgence médicale,Un effet attendu normal,Une contre-indication à poursuivre,Un signe de guérison,A,Correct! La neutropénie fébrile est une urgence oncologique nécessitant une antibiothérapie immédiate.,Chez un patient neutropénique toute fièvre est potentiellement fatale et nécessite un traitement urgent.
30,Hors sujet OIIQ – à réviser,HEMA001,,2,Quelle précaution renforcez-vous immédiatement?,L'isolement contact,L'isolement protecteur,L'isolement respiratoire,L'isolement entérique,B,Parfait! L'isolement protecteur limite l'exposition aux germes chez un patient immunodéprimé.,La neutropénie sévère nécessite une protection maximale contre les infections nosocomiales.
31,Gestion et organisation des soins,GASTRO001,M. Moreau présente des vomissements post-opératoires persistants. Il n'a pas uriné depuis 8 heures malgré une perfusion de NaCl.,1,Quel paramètre surveillez-vous en priorité?,L'équilibre électrolytique,La diurèse,L'état nutritionnel,La douleur,A,Correct! Les vomissements prolongés provoquent des déséquilibres hydro-électrolytiques dangereux.,Les pertes digestives importantes perturbent l'équilibre électrolytique pouvant causer des arythmies.
32,Hors sujet OIIQ – à réviser,GASTRO001,,2,Quel signe évoque une déshydratation sévère?,Soif intense,Pli cutané persistant,Bouche sèche,Fatigue,B,Exact! Le pli cutané qui persiste > 2 secondes indique une déshydratation importante.,Le test du pli cutané est un indicateur fiable de l'état d'hydratation chez l'adulte.
33,Gestion et organisation des soins,ETHIQUE001,Un patient de 80 ans en fin de vie demande d'arrêter l'alimentation artificielle. Sa famille s'y oppose fermement.,1,Quelle est votre priorité?,Respecter la volonté du patient,Convaincre la famille,Maintenir l'alimentation,Consulter le comité d'éthique,A,Correct! Le principe d'autonomie prime : un patient conscient a le droit de refuser un traitement.,L'autonomie du patient est un principe éthique fondamental qui prime sur les souhaits familiaux.
34,Hors sujet OIIQ – à réviser,ETHIQUE001,,2,Comment gérez-vous le conflit familial?,Ignorer les préoccupations familiales,Organiser une rencontre d'équipe multidisciplinaire,Imposer la décision médicale,Référer uniquement au médecin,B,Parfait! Une approche multidisciplinaire permet un dialogue constructif et un accompagnement approprié.,La médiation multidisciplinaire favorise la compréhension mutuelle et le respect des valeurs de chacun.
35,Gestion et organisation des soins,URG001,Un patient de 45 ans arrive aux urgences avec une douleur thoracique intense irradiant au bras gauche depuis 30 minutes.,1,Quelle est votre priorité absolue?,Installer une voie veineuse,Réaliser un ECG 12 dérivations,Administrer de l'oxygène,Prendre les signes vitaux,B,Correct! L'ECG est l'examen prioritaire pour confirmer ou exclure un infarctus du myocarde.,Dans un contexte de douleur thoracique évocatrice l'ECG permet un diagnostic rapide et guide le traitement.
36,Hors sujet OIIQ – à réviser,URG001,,2,L'ECG montre un sus-décalage en antérieur. Quelle intervention priorisez-vous?,Anticoagulation immédiate,Activation de la filière STEMI,Administration d'antalgiques,Bilan biologique complet,B,Exact! Un STEMI nécessite une reperfusion coronaire urgente via l'activation des protocoles spécialisés.,Le STEMI est une urgence vitale nécessitant une prise en charge spécialisée dans les plus brefs délais.
37,Pharmacologie / Calculs,CALC004,,1,Vous devez préparer une solution de NaCl 0.45%. Vous avez du NaCl 0.9% et de l'eau stérile. Pour 1000 mL combien ajoutez-vous de chaque?,500 mL de chaque,750 mL NaCl + 250 mL eau,250 mL NaCl + 750 mL eau,900 mL NaCl + 100 mL eau,A,Correct! Pour diluer de moitié une solution il faut mélanger volumes égaux de solution mère et de diluant.,Dilution 1:1 - pour diviser la concentration par 2 on mélange des volumes égaux.
38,Gestion et organisation des soins,ONCO001,Mme Garcia reçoit une chimiothérapie. Elle présente des mucites sévères l'empêchant de s'alimenter et de boire.,1,Quelle complication prévenez-vous en priorité?,La dénutrition,La déshydratation,L'infection buccale,La douleur,B,Correct! La déshydratation peut survenir rapidement et compromettre la fonction rénale et l'état général.,L'impossibilité de boire expose à une déshydratation rapide potentiellement fatale.
39,Hors sujet OIIQ – à réviser,ONCO001,,2,Quel soin buccal recommandez-vous?,Bains de bouche à la chlorhexidine,Rinçages au bicarbonate de sodium,Application de xylocaïne,Brossage énergique des dents,B,Exact! Les rinçages alcalins soulagent les mucites et favorisent la cicatrisation.,Le bicarbonate crée un milieu alcalin apaisant et favorise la guérison des muqueuses.
40,Hors sujet OIIQ – à réviser,PSY001,M. Durand présente un épisode dépressif majeur avec idées suicidaires. Il demande à sortir fumer seul dans la cour.,1,Quelle est votre réponse?,Accepter s'il promet de revenir,Refuser catégoriquement,Proposer un accompagnement,Demander l'avis du médecin,C,Correct! L'accompagnement maintient la sécurité tout en respectant certains besoins du patient.,Avec des idées suicidaires la surveillance constante est nécessaire mais peut être adaptée aux besoins.
41,Santé mentale,PSY001,,2,Comment évaluez-vous le risque suicidaire?,Par des questions indirectes,En demandant directement ses intentions,En observant seulement son comportement,En consultant uniquement le dossier,B,Parfait! L'évaluation directe du risque suicidaire est la méthode la plus fiable et recommandée.,Les questions directes sur les idées suicidaires sont essentielles et ne majorent pas le risque de passage à l'acte.
42,Pharmacologie / Calculs,CALC005,,1,Un patient de 60 kg en choc nécessite de la noradrénaline 0.1 mcg/kg/min. Vous avez des ampoules de 4 mg/4 mL. Pour une concentration finale de 4 mg/50 mL quel est le débit en mL/h?,45 mL/h,4.5 mL/h,0.45 mL/h,450 mL/h,A,Correct! 60 kg × 0.1 mcg/kg/min = 6 mcg/min = 360 mcg/h = 0.36 mg/h. 0.36 mg ÷ 0.08 mg/mL = 4.5 mL/h.,Dose en mg/h divisée par concentration en mg/mL donne le débit en mL/h.
43,Hors sujet OIIQ – à réviser,INFECT001,M. Bernard présente une pneumonie nosocomiale à germes résistants. Il est sous isolement contact.,1,Quelle précaution est essentielle?,Porter un masque N95,Utiliser des gants à usage unique,Limiter les visites à 2 personnes,Désinfecter la chambre quotidiennement,B,Correct! L'isolement contact nécessite des gants pour tout contact avec le patient ou son environnement.,L'isolement contact vise à prévenir la transmission par contact direct ou indirect via les mains.
44,Hors sujet OIIQ – à réviser,INFECT001,,2,Dans quel ordre retirez-vous les équipements de protection?,Gants masque blouse lunettes,Lunettes blouse masque gants,Blouse gants masque lunettes,Gants blouse lunettes masque,A,Exact! On retire d'abord les éléments les plus contaminés (gants) vers les moins contaminés (masque).,L'ordre de retrait va du plus contaminé au moins contaminé pour éviter l'auto-contamination.
45,Hors sujet OIIQ – à réviser,RHUMA001,Mme Lopez 65 ans sous méthotrexate pour polyarthrite rhumatoïde développe une toux sèche et un essoufflement progressif.,1,Cette symptomatologie évoque principalement:,Une infection respiratoire,Une toxicité pulmonaire du méthotrexate,Une embolie pulmonaire,Une insuffisance cardiaque,B,Correct! Le méthotrexate peut causer une pneumopathie interstitielle nécessitant un arrêt immédiat.,La toxicité pulmonaire est un effet indésirable grave du méthotrexate nécessitant un arrêt du traitement.
46,Hors sujet OIIQ – à réviser,RHUMA001,,2,Quelle surveillance renforcez-vous chez cette patiente?,La fonction hépatique,La fonction rénale,La fonction pulmonaire,La numération sanguine,C,Parfait! La surveillance de la fonction pulmonaire est cruciale chez un patient sous méthotrexate avec symptômes respiratoires.,Les patients sous méthotrexate nécessitent une surveillance pulmonaire régulière notamment en cas de symptômes.
47,Gestion et organisation des soins,DERMO001,Un patient présente des brûlures thermiques du 2e degré sur 15% de la surface corporelle.,1,Quelle est votre priorité initiale?,Refroidir les brûlures à l'eau froide,Appliquer des pansements gras,Administrer des antalgiques,Calculer les besoins hydriques,A,Correct! Le refroidissement immédiat limite l'extension des lésions et soulage la douleur.,Le refroidissement précoce stoppe la progression thermique et diminue la profondeur des brûlures.
48,Pharmacologie / Calculs,DERMO001,,2,Comment calculez-vous la surface brûlée chez l'adulte?,Règle des 9,Règle des 5,Table de Lund et Browder,Estimation visuelle,A,Exact! La règle des 9 est la méthode standard pour estimer rapidement la surface brûlée chez l'adulte.,La règle des 9 divise le corps en zones de 9% permettant une estimation rapide et fiable.
49,Hors sujet OIIQ – à réviser,ORL001,Un enfant de 3 ans présente une dysphagie brutale avec hypersialorrhée et fièvre. Il refuse de s'allonger.,1,Vous suspectez principalement:,Une angine streptococcique,Une épiglottite aiguë,Un corps étranger œsophagien,Une laryngite,B,Correct! La triade dysphagie-hypersialorrhée-position assise évoque une épiglottite aiguë.,L'épiglottite provoque une dysphagie majeure avec impossibilité d'avaler sa salive et position en tripode.
50,Hors sujet OIIQ – à réviser,ORL001,,2,Quelle est votre conduite à tenir?,Examiner la gorge avec un abaisse-langue,Maintenir l'enfant en position assise,Administrer un anti-inflammatoire,Proposer des boissons fraîches,B,Parfait! Il ne faut jamais allonger un enfant suspect d'épiglottite au risque d'obstruction complète.,La position assise ou en tripode maintient la perméabilité des voies aériennes en cas d'épiglottite.
51,Gestion et organisation des soins,,,1,Quel effet indésirable surveillez-vous prioritairement avec les AINS?,Troubles digestifs,Céphalées,Somnolence,Éruption cutanée,A,Correct! Les AINS peuvent causer des ulcères gastro-duodénaux parfois hémorragiques.,Les AINS inhibent les prostaglandines protectrices de la muqueuse gastrique causant des ulcères.
52,Hors sujet OIIQ – à réviser,,,1,Avant d'administrer de l'insuline vous vérifiez obligatoirement:,La pression artérielle,La glycémie capillaire,La température,Le poids du patient,B,Correct! Il faut toujours vérifier la glycémie avant d'administrer de l'insuline pour éviter une hypoglycémie.,La vérification de la glycémie avant l'insuline prévient les hypoglycémies potentiellement dangereuses.
53,Urgences / Soins critiques,,,1,Quel antidote administrez-vous en cas de surdosage de warfarine avec hémorragie?,Vitamine K,Protamine,Naloxone,Flumazénil,A,Correct! La vitamine K inverse l'effet anticoagulant de la warfarine en cas d'hémorragie.,La vitamine K est l'antidote spécifique de la warfarine et des anti-vitamines K.
54,Hors sujet OIIQ – à réviser,SC002,Mme Tremblay 58 ans est en détresse respiratoire aiguë. Sa saturation est à 78% sous 15L d'O2. Elle présente des sueurs profuses et une cyanose périphérique.,1,Quelle intervention est la plus urgente?,Intuber immédiatement,Poser une voie veineuse,Administrer un diurétique,Réaliser une gazométrie,A,Correct! Avec une saturation à 78% malgré 15L d'O2 l'intubation est vitale pour assurer l'oxygénation.,Une hypoxémie sévère réfractaire à l'oxygénothérapie nécessite une ventilation mécanique urgente.
55,Hors sujet OIIQ – à réviser,SC002,,2,En attendant l'intubation quelle position adoptez-vous?,Décubitus dorsal,Position de Fowler haute,Trendelenburg,Décubitus latéral,B,Exact! La position semi-assise optimise la ventilation et facilite le travail respiratoire.,La position de Fowler améliore l'expansion thoracique et facilite la ventilation.
56,Pédiatrie,PED002,Thomas 2 ans présente une fièvre à 40°C depuis 24h avec des convulsions fébriles. Les parents sont très anxieux.,1,Concernant les convulsions fébriles vous expliquez aux parents:,Elles indiquent toujours une méningite,Elles sont bénignes et fréquentes à cet âge,Elles nécessitent un traitement antiépileptique,Elles provoquent des séquelles neurologiques,B,Correct! Les convulsions fébriles simples sont bénignes et touchent 3-5% des enfants de 6 mois à 5 ans.,Les convulsions fébriles simples sont un phénomène bénin lié à l'immaturité cérébrale sans séquelles.
57,Pédiatrie,PED002,,2,Quelle méthode privilégiez-vous pour faire baisser la fièvre?,Bains d'eau froide,Paracétamol et découvrir l'enfant,Aspirine et couvertures,Alcool à friction,B,Parfait! Le paracétamol associé au déshabillage partiel est la méthode efficace et sûre.,Le paracétamol reste l'antipyrétique de choix chez l'enfant associé à des mesures physiques douces.
58,Hors sujet OIIQ – à réviser,OBS002,Laura 32 ans G1P0 à 41 semaines présente une diminution des mouvements fœtaux depuis 48h. Le monitoring montre un RCF plat.,1,Cette situation évoque:,Un fœtus qui dort,Une souffrance fœtale chronique,Un terme dépassé normal,Une position fœtale particulière,B,Correct! La diminution des mouvements avec RCF plat suggère une hypoxie fœtale nécessitant une évaluation urgente.,La diminution de la variabilité du RCF associée à moins de mouvements évoque une souffrance fœtale.
59,Gestion et organisation des soins,OBS002,,2,Quelle conduite adoptez-vous en priorité?,Programmer l'accouchement dans 24h,Réaliser une échographie de croissance,Déclencher immédiatement le travail,Rassurer et revoir dans 2 jours,C,Exact! La souffrance fœtale à terme nécessite un accouchement immédiat pour éviter la mort fœtale.,Une souffrance fœtale chronique à terme nécessite une extraction fœtale en urgence.
60,Gériatrie,GER002,M. Côté 78 ans chute dans sa chambre. Il se plaint d'une douleur à la hanche droite et ne peut plus se lever.,1,Vous suspectez principalement:,Une contusion simple,Une fracture du col du fémur,Une entorse de hanche,Un hématome musculaire,B,Correct! Chez une personne âgée une chute avec douleur et impotence fonctionnelle évoque une fracture du col.,Les fractures du col fémoral sont fréquentes chez les personnes âgées après chute même minime.
61,Gériatrie,GER002,,2,En attendant les radiographies quelle immobilisation effectuez-vous?,Aucune immobilisation n'est nécessaire,Immobilisation au coussin entre les jambes,Traction continue,Attelle rigide,B,Parfait! L'immobilisation par coussin entre les jambes limite les mouvements et soulage la douleur.,L'immobilisation douce par coussin prévient les déplacements secondaires en attendant la chirurgie.
62,Santé mentale,SM002,Antoine 28 ans en épisode maniaque refuse catégoriquement de prendre ses médicaments. Il est agité et désinhibé.,1,Comment gérez-vous cette situation?,Forcer l'administration par voie IM,Négocier et expliquer longuement,Respecter son refus absolu,Utiliser des moyens coercitifs,B,Correct! La négociation bienveillante en phase maniaque peut permettre l'adhésion sans coercition.,En psychiatrie la relation thérapeutique et la négociation sont privilégiées avant la contrainte.
63,Santé mentale,SM002,,2,Si la négociation échoue et qu'il y a danger quelle est votre recours?,Abandonner le traitement,Demander une ordonnance de traitement sous contrainte,Attendre que la crise passe,Déléguer à la famille,B,Exact! En cas de danger pour soi ou autrui le traitement sous contrainte peut être nécessaire.,La contrainte thérapeutique est possible en psychiatrie si danger avéré et après procédure légale.
64,Urgences / Soins critiques,CALC006,,1,Un patient de 75 kg en arrêt cardiaque nécessite 1 mg/kg d'adrénaline. Vous avez des ampoules de 1 mg/mL. Combien d'ampoules utilisez-vous?,0.75 ampoule,1 ampoule,75 ampoules,7.5 ampoules,C,Correct! 75 kg × 1 mg/kg = 75 mg. Avec des ampoules de 1 mg/mL il faut 75 ampoules.,Dose totale = poids × dose/kg puis nombre d'ampoules = dose totale ÷ contenu par ampoule.
65,Hors sujet OIIQ – à réviser,NEPHRO002,Mme Gagnon en insuffisance rénale chronique stade 4 présente un taux de potassium à 6.2 mEq/L.,1,Cette hyperkaliémie peut provoquer:,Des convulsions,Des troubles du rythme cardiaque,Une hypertension maligne,Un coma hyperosmolaire,B,Correct! L'hyperkaliémie sévère peut causer des arythmies ventriculaires potentiellement fatales.,L'hyperkaliémie altère la conduction cardiaque pouvant provoquer des arythmies mortelles.
66,Urgences / Soins critiques,NEPHRO002,,2,Quel traitement d'urgence administrez-vous?,Calcium intraveineux,Insuline avec glucose,Résines échangeuses d'ions,Hémodialyse d'urgence,A,Exact! Le calcium IV protège le myocarde contre les effets de l'hyperkaliémie en urgence.,Le calcium antagonise les effets cardiaques de l'hyperkaliémie sans modifier la kaliémie.
67,Hors sujet OIIQ – à réviser,PNEUMO002,M. Fournier présente une crise d'asthme sévère. Malgré les bronchodilatateurs sa saturation reste à 88%.,1,Quel signe indique un asthme quasi-fatal?,Toux productive,Silence auscultatoire,Bronchospasme audible,Expectoration mousseuse,B,Correct! Le silence auscultatoire indique un bronchospasme si sévère qu'il n'y a plus de flux d'air.,L'absence de sibilants peut paradoxalement indiquer un asthme très sévère avec obstruction complète.
68,Urgences / Soins critiques,PNEUMO002,,2,Quelle thérapeutique envisagez-vous en urgence?,Augmenter les bronchodilatateurs,Corticoïdes intraveineux,Intubation et ventilation,Kinésithérapie respiratoire,C,Parfait! Un asthme quasi-fatal nécessite souvent une intubation pour assurer la ventilation.,L'asthme quasi-fatal avec hypoxémie réfractaire peut nécessiter une ventilation mécanique.
69,Hors sujet OIIQ – à réviser,CARD002,M. Lavoie 62 ans présente une douleur thoracique avec sueurs. L'ECG montre un bloc AV complet avec FC à 35/min.,1,Cette bradycardie extrême nécessite:,Surveillance simple,Atropine intraveineuse,Pacemaker temporaire,Massage cardiaque,C,Correct! Un bloc AV complet symptomatique nécessite un entraînement électrosystolique temporaire.,Le bloc AV complet avec bradycardie symptomatique est une indication de pacemaker d'urgence.
70,Hors sujet OIIQ – à réviser,CARD002,,2,En attendant le pacemaker quel médicament utilisez-vous?,Dopamine,Atropine,Isoprénaline,Adrénaline,C,Exact! L'isoprénaline est un chronotrope positif efficace en cas de bloc AV complet.,L'isoprénaline stimule les récepteurs bêta et peut améliorer temporairement la fréquence ventriculaire.
71,Hors sujet OIIQ – à réviser,NEURO002,Mme Belanger présente brutalement une hémiparésie droite avec aphasie. Début des symptômes il y a 1 heure.,1,Dans cette fenêtre thérapeutique quelle intervention priorisez-vous?,IRM cérébrale,Fibrinolyse intraveineuse,Anticoagulation,Rééducation précoce,B,Correct! Dans les 4.5h d'un AVC ischémique la fibrinolyse peut restaurer la perfusion cérébrale.,La thrombolyse dans les premières heures d'un AVC peut limiter les séquelles neurologiques.
72,Hors sujet OIIQ – à réviser,NEURO002,,2,Quelle contre-indication absolue vérifiez-vous avant la fibrinolyse?,Âge > 80 ans,Hypertension artérielle,Chirurgie récente < 3 mois,Diabète,C,Parfait! Une chirurgie récente est une contre-indication absolue à la fibrinolyse par risque hémorragique.,Les gestes invasifs récents contre-indiquent formellement la fibrinolyse par risque de saignement.
73,Hors sujet OIIQ – à réviser,ENDO002,M. Hassan diabétique type 2 présente une glycémie à 28 mmol/L avec cétones négatives et déshydratation sévère.,1,Ce tableau évoque:,Une acidocétose diabétique,Un coma hyperosmolaire,Une hypoglycémie sévère,Une acidose lactique,B,Correct! Hyperglycémie majeure sans cétose avec déshydratation évoque un coma hyperosmolaire.,Le coma hyperosmolaire associe hyperglycémie extrême déshydratation et absence de cétose.
74,Gestion et organisation des soins,ENDO002,,2,Quelle est la priorité thérapeutique?,Insuline forte dose,Réhydratation progressive,Correction du potassium,Bicarbonates intraveineux,B,Exact! La réhydratation prudente est prioritaire dans le coma hyperosmolaire avant l'insuline.,La déshydratation majeure du coma hyperosmolaire nécessite une réhydratation très progressive.
75,Hors sujet OIIQ – à réviser,URG002,Un motocycliste arrive conscient avec suspicion de traumatisme rachidien cervical.,1,Quelle immobilisation appliquez-vous?,Collier cervical seul,Immobilisation complète sur plan dur,Position latérale de sécurité,Aucune immobilisation,B,Correct! Un traumatisme cervical nécessite une immobilisation complète rachidienne sur plan dur.,L'immobilisation rachidienne complète prévient l'aggravation des lésions médullaires.
76,Gestion et organisation des soins,URG002,,2,Quel signe neurologique surveillez-vous prioritairement?,Les réflexes tendineux,La sensibilité des membres,La motricité des extrémités,L'état de conscience,D,Parfait! L'état de conscience peut révéler une aggravation neurologique nécessitant une intervention urgente.,La surveillance neurologique prioritaire porte sur la conscience qui peut révéler une complications grave.
77,Hors sujet OIIQ – à réviser,ONCO002,M. Vincent sous chimiothérapie développe une fièvre à 38.8°C. Sa numération montre 800 GB/mm³.,1,Cette situation constitue:,Un effet secondaire mineur,Une neutropénie fébrile,Une infection bénigne,Une réaction allergique,B,Correct! Fièvre + neutropénie < 1000 GB/mm³ = urgence nécessitant antibiothérapie immédiate.,La neutropénie fébrile est une complication grave de la chimiothérapie nécessitant un traitement urgent.
78,Hors sujet OIIQ – à réviser,ONCO002,,2,Quel prélèvement effectuez-vous avant l'antibiothérapie?,Aucun prélèvement,Hémocultures uniquement,ECBU uniquement,Hémocultures et ECBU,D,Exact! Il faut identifier le germe responsable tout en débutant l'antibiothérapie sans délai.,Les prélèvements bactériologiques sont essentiels avant antibiothérapie pour adapter le traitement.
79,Hors sujet OIIQ – à réviser,PSY002,Claire 19 ans présente des signes d'anorexie mentale avec un IMC à 14 kg/m². Elle refuse l'hospitalisation.,1,Légalement vous pouvez:,La forcer à rester contre son gré,Respecter son refus car elle est majeure,L'hospitaliser sous contrainte si danger vital,Prévenir uniquement sa famille,C,Correct! Un IMC à 14 constitue un danger vital justifiant une hospitalisation sous contrainte si nécessaire.,L'anorexie avec danger vital peut justifier une hospitalisation sans consentement pour protéger la vie.
80,Gestion et organisation des soins,PSY002,,2,Quel objectif prioritaire fixez-vous?,Normaliser immédiatement le poids,Stabiliser l'état somatique,Traiter les troubles psychiques,Impliquer la famille,B,Parfait! En phase aiguë la priorité est la stabilisation médicale avant l'approche psychothérapeutique.,Avec un IMC critique la priorité absolue est la stabilisation somatique avant tout travail psychologique.
81,Pharmacologie / Calculs,CALC007,,1,Pour une perfusion de dobutamine à 7.5 mcg/kg/min chez un patient de 70 kg avec une concentration de 250 mg/250 mL quel est le débit?,31.5 mL/h,3.15 mL/h,315 mL/h,0.315 mL/h,A,Correct! 70 kg × 7.5 mcg/kg/min = 525 mcg/min = 31.5 mg/h. 31.5 mg ÷ 1 mg/mL = 31.5 mL/h.,Dose totale par minute × 60 = dose par heure puis divisée par concentration.
82,Hors sujet OIIQ – à réviser,INFECT002,Un patient développe une diarrhée à Clostridium difficile après antibiothérapie.,1,Quel isolement mettez-vous en place?,Isolement respiratoire,Isolement contact,Isolement gouttelettes,Aucun isolement,B,Correct! C. difficile se transmet par contact avec les spores résistantes présentes dans l'environnement.,L'isolement contact prévient la transmission des spores de C. difficile très résistantes dans l'environnement.
83,Hors sujet OIIQ – à réviser,INFECT002,,2,Quel antiseptique utilisez-vous pour l'hygiène des mains?,Solution hydro-alcoolique,Eau et savon uniquement,Chlorhexidine alcoolique,Povidone iodée,B,Exact! Les spores de C. difficile résistent aux solutions hydro-alcooliques seul le lavage au savon est efficace.,Les spores de C. difficile ne sont détruites que par le lavage mécanique à l'eau et au savon.
84,Hors sujet OIIQ – à réviser,RHUMA002,Mme Dubé sous corticothérapie prolongée chute et présente une douleur dorsale intense.,1,Vous suspectez principalement:,Une contusion musculaire,Un tassement vertébral,Une hernie discale,Un lumbago,B,Correct! Les corticoïdes favorisent l'ostéoporose exposant aux tassements vertébraux même après traumatisme mineur.,La corticothérapie prolongée fragilise l'os exposant aux fractures vertébrales pour des traumatismes minimes.
85,Hors sujet OIIQ – à réviser,RHUMA002,,2,Quelle complication redoutez-vous le plus?,La compression médullaire,L'infection secondaire,L'hématome rétropéritonéal,La thrombose veineuse,A,Parfait! Un tassement vertébral peut comprimer la moelle épinière nécessitant une décompression urgente.,La compression médullaire est la complication la plus grave d'un tassement vertébral.
86,Hors sujet OIIQ – à réviser,DERMO002,Un patient présente une réaction cutanée généralisée avec décollement épidermique après prise de sulfamides.,1,Vous suspectez:,Un eczéma de contact,Une nécrolyse épidermique toxique,Un psoriasis en gouttes,Une urticaire géante,B,Correct! Le décollement cutané généralisé après sulfamides évoque une nécrolyse épidermique toxique.,La NET est une réaction cutanée grave avec décollement épidermique souvent liée aux sulfamides.
87,Gestion et organisation des soins,DERMO002,,2,Quelle prise en charge est prioritaire?,Corticoïdes topiques,Transfert en centre de brûlés,Antihistaminiques,Antibiotiques locaux,B,Exact! La NET nécessite des soins spécialisés similaires aux grands brûlés.,La nécrolyse épidermique toxique nécessite une prise en charge spécialisée comme les grands brûlés.
88,Hors sujet OIIQ – à réviser,ORL002,Un enfant de 18 mois présente une toux rauque avec cornage inspiratoire et fièvre modérée.,1,Ce tableau évoque:,Une bronchiolite,Une laryngite sous-glottique,Une pneumonie,Un corps étranger,B,Correct! La toux rauque avec cornage inspiratoire chez un jeune enfant évoque une laryngite sous-glottique.,Le cornage inspiratoire avec toux rauque est caractéristique de l'inflammation sous-glottique.
89,Hors sujet OIIQ – à réviser,ORL002,,2,Quel traitement administrez-vous en première intention?,Antibiotiques,Corticoïdes,Bronchodilatateurs,Antitussifs,B,Parfait! Les corticoïdes réduisent l'inflammation et l'œdème sous-glottique améliorant rapidement les symptômes.,Les corticoïdes sont le traitement de référence de la laryngite sous-glottique pour réduire l'œdème.
90,Hors sujet OIIQ – à réviser,HEPATO001,M. Roy cirrhotique développe une ascite avec augmentation du périmètre abdominal et dyspnée.,1,Quel traitement initial prescrivez-vous?,Diurétiques de l'anse,Diurétiques épargneurs de potassium,Ponction d'ascite évacuatrice,Restriction hydrique stricte,B,Correct! Les diurétiques épargneurs de potassium sont le traitement de première ligne de l'ascite cirrhotique.,La spironolactone antagonise l'aldostérone et constitue le traitement initial de l'ascite.
91,Hors sujet OIIQ – à réviser,HEPATO001,,2,Quelle surveillance biologique renforcez-vous?,La fonction rénale,Les enzymes hépatiques,La coagulation,L'ionogramme,A,Exact! Les diurétiques peuvent altérer la fonction rénale chez les cirrhotiques déjà fragiles.,La surveillance de la créatinine est essentielle car les cirrhotiques risquent l'insuffisance rénale.
92,Pédiatrie,CALC008,,1,Un enfant de 15 kg doit recevoir du paracétamol 15 mg/kg toutes les 6h. Combien de mg par jour?,225 mg,900 mg,450 mg,1800 mg,B,Correct! 15 kg × 15 mg/kg = 225 mg par prise. 4 prises/jour = 900 mg/jour.,Dose par prise multipliée par le nombre de prises quotidiennes.
93,Urgences / Soins critiques,URO001,M. Lebel 55 ans présente une rétention urinaire aiguë avec globe vésical et douleurs hypogastriques.,1,Quelle intervention réalisez-vous en urgence?,Massage vésical,Sondage vésical,Antispasmodiques,Position debout,B,Correct! La rétention aiguë nécessite un drainage vésical immédiat pour éviter les complications.,Le sondage vésical évacue l'urine retenue et soulage immédiatement le patient.
94,Hors sujet OIIQ – à réviser,URO001,,2,Quelle complication prévenez-vous par le sondage?,L'infection urinaire,La rupture vésicale,L'incontinence,L'hématurie,B,Parfait! La distension vésicale extrême peut provoquer une rupture de vessie potentiellement mortelle.,La rétention aiguë non traitée peut mener à la rupture vésicale par surdistension.
95,Hors sujet OIIQ – à réviser,ENDO003,Mme Côté hyperthyroïdienne présente une température à 40°C tachycardie et agitation extrême.,1,Vous suspectez:,Une infection intercurrente,Une crise thyréotoxique,Un surdosage médicamenteux,Une déshydratation,B,Correct! Hyperthermie tachycardie et agitation chez un hyperthyroïdien évoque une crise thyréotoxique.,La crise thyréotoxique associe hyperthermie tachycardie et troubles neuropsychiatriques.
96,Urgences / Soins critiques,ENDO003,,2,Quel traitement débutez-vous en urgence?,Antithyroïdiens de synthèse,Bêta-bloquants,Corticoïdes,Iode radioactif,B,Exact! Les bêta-bloquants contrôlent rapidement les effets cardiovasculaires de la crise thyréotoxique.,Les bêta-bloquants sont le traitement symptomatique immédiat de la crise thyréotoxique.
97,Hors sujet OIIQ – à réviser,PNEUMO003,Un patient présente un pneumothorax spontané avec dyspnée et douleur thoracique brutales.,1,Quel signe recherchez-vous à l'examen?,Wheezing expiratoire,Abolition du murmure vésiculaire,Crépitants bilatéraux,Frottement pleural,B,Correct! L'abolition du murmure vésiculaire du côté atteint confirme le pneumothorax.,Le pneumothorax provoque une abolition des bruits respiratoires du côté de l'épanchement aérien.
98,Hors sujet OIIQ – à réviser,PNEUMO003,,2,Si le pneumothorax est supérieur à 20% que faites-vous?,Surveillance simple,Oxygénothérapie seule,Drainage pleural,Kinésithérapie respiratoire,C,Parfait! Un pneumothorax > 20% nécessite un drainage pleural pour réexpansion pulmonaire.,Les pneumothorax importants nécessitent un drainage pour évacuer l'air et permettre la réexpansion.
99,Gestion et organisation des soins,CARD003,M. Morin présente des palpitations avec pouls irrégulier. L'ECG montre une fibrillation auriculaire rapide.,1,Votre priorité immédiate est:,Cardioversion électrique,Contrôle de la fréquence cardiaque,Anticoagulation systématique,Recherche d'une cardiopathie,B,Correct! En FA rapide le contrôle de fréquence par bêta-bloquants ou digoxine est prioritaire.,Le contrôle de la fréquence ventriculaire améliore rapidement les symptômes et l'hémodynamique.
100,Hors sujet OIIQ – à réviser,CARD003,,2,Quel médicament utilisez-vous pour ralentir la fréquence?,Amiodarone,Métoprolol,Flécaïnide,Vérapamil,B,Exact! Les bêta-bloquants comme le métoprolol sont efficaces pour contrôler la fréquence en FA.,Les bêta-bloquants freinent la conduction AV et ralentissent efficacement la réponse ventriculaire.
101,Gestion et organisation des soins,NEURO003,Mme Bernard présente des céphalées brutales en coup de tonnerre avec raideur de nuque.,1,Vous suspectez en priorité:,Une migraine sévère,Une hémorragie méningée,Une méningite bactérienne,Une hypertension intracrânienne,B,Correct! La céphalée brutale en coup de tonnerre avec signes méningés évoque une hémorragie sous-arachnoïdienne.,La céphalée brutale maximale d'emblée est caractéristique de l'hémorragie méningée.
102,Urgences / Soins critiques,NEURO003,,2,Quel examen demandez-vous en urgence?,IRM cérébrale,Scanner cérébral sans injection,Ponction lombaire,EEG,B,Parfait! Le scanner sans injection détecte rapidement le sang dans les espaces méningés.,Le scanner cérébral sans injection est l'examen de première intention pour diagnostiquer une hémorragie.
103,Hors sujet OIIQ – à réviser,INFECT003,Un patient développe un choc septique avec hypotension et tachycardie malgré le remplissage.,1,Quel traitement vasopresseur débutez-vous?,Dopamine,Noradrénaline,Adrénaline,Dobutamine,B,Correct! La noradrénaline est le vasopresseur de première ligne dans le choc septique.,La noradrénaline corrige l'hypotension par vasoconstriction sans trop augmenter la fréquence cardiaque.
104,Hors sujet OIIQ – à réviser,INFECT003,,2,Dans quel délai débutez-vous l'antibiothérapie?,Dans les 6 heures,Dans l'heure qui suit,Dans les 24 heures,Après documentation bactériologique,B,Exact! L'antibiothérapie doit être débutée dans l'heure suivant le diagnostic de choc septique.,Le pronostic du choc septique dépend de la précocité de l'antibiothérapie (< 1 heure).
105,Pharmacologie / Calculs,CALC009,,1,Vous préparez une seringue de morphine 1 mg/mL pour un pousse-seringue à 2 mL/h. Quelle dose horaire le patient reçoit-il?,1 mg/h,2 mg/h,0.5 mg/h,4 mg/h,B,Correct! 2 mL/h × 1 mg/mL = 2 mg/h.,Débit en mL/h multiplié par la concentration en mg/mL donne la dose en mg/h.
106,Hors sujet OIIQ – à réviser,ETHIQUE002,Une patiente de 16 ans enceinte demande une IVG sans en parler à ses parents. Elle est accompagnée de son copain majeur.,1,Légalement vous devez:,Exiger l'autorisation parentale,Respecter sa demande de confidentialité,Prévenir obligatoirement les parents,Refuser l'intervention,B,Correct! Les mineures ont droit à la confidentialité pour les soins liés à la sexualité et reproduction.,Le droit à la confidentialité des mineures est protégé pour les questions de santé reproductive.
107,Hors sujet OIIQ – à réviser,ETHIQUE002,,2,Quel accompagnement proposez-vous?,Imposer une consultation psychologique,Suggérer un délai de réflexion,Proposer un soutien et une écoute,Décourager sa décision,C,Parfait! L'accompagnement bienveillant et l'écoute sans jugement sont essentiels dans cette situation.,L'approche empathique et le soutien sont primordiaux pour accompagner une décision difficile.
108,Gestion et organisation des soins,URG003,Un patient arrive avec une plaie par balle à l'abdomen. Il est conscient mais pâle avec une PA à 90/60 mmHg.,1,Quelle est votre priorité absolue?,Examiner la plaie en détail,Mettre en place deux voies veineuses,Administrer des antalgiques,Préparer pour la chirurgie,B,Correct! Un trauma abdominal avec choc nécessite un remplissage vasculaire immédiat via deux voies veineuses.,L'accès vasculaire est prioritaire en trauma pour permettre la réanimation et l'administration de produits sanguins.
109,Hors sujet OIIQ – à réviser,URG003,,2,Que suspectez-vous principalement?,Une perforation intestinale,Un hémopéritoine,Une péritonite,Un hématome rétropéritonéal,B,Exact! Plaie abdominale + choc évoque un saignement intra-abdominal avec hémopéritoine.,Les plaies abdominales pénétrantes provoquent souvent des hémorragies internes massives.
110,Pédiatrie,PED003,Léa 6 mois présente des vomissements en jet non bilieux après chaque biberon depuis 3 jours. Elle perd du poids.,1,Ce tableau évoque principalement:,Une gastro-entérite virale,Une sténose hypertrophique du pylore,Un reflux gastro-œsophagien,Une invagination intestinale,B,Correct! Vomissements en jet non bilieux chez un nourrisson évoque une sténose du pylore.,La sténose du pylore provoque des vomissements alimentaires en jet caractéristiques.
111,Pédiatrie,PED003,,2,Quel signe clinique recherchez-vous à la palpation?,Une masse abdominale,Un météorisme,Une olive pylorique,Une douleur diffuse,C,Parfait! L'olive pylorique est le signe pathognomonique de la sténose hypertrophique du pylore.,La palpation de l'olive pylorique confirme le diagnostic de sténose du pylore.
112,Hors sujet OIIQ – à réviser,OBS003,Marina 25 ans G1P0 à 28 SA présente des contractions douloureuses et un col raccourci à 2 cm. Membranes intactes.,1,Vous suspectez:,Un faux travail,Une menace d'accouchement prématuré,Un décollement placentaire,Une rupture utérine,B,Correct! Contractions avec modifications cervicales avant 37 SA définit la menace d'accouchement prématuré.,Les modifications cervicales avec contractions avant terme caractérisent la MAP.
113,Gestion et organisation des soins,OBS003,,2,Quel traitement administrez-vous en priorité?,Tocolytiques,Corticoïdes anténatals,Antibiotiques,Sulfate de magnésium,A,Exact! Les tocolytiques freinent les contractions utérines pour retarder l'accouchement.,Les tocolytiques sont le traitement immédiat pour stopper le travail prématuré.
114,Gériatrie,GER003,M. Boucher 82 ans développe brutalement une confusion avec désorientation temporo-spatiale. Hier il était lucide.,1,Cette confusion aiguë évoque principalement:,Une démence débutante,Un delirium,Une dépression masquée,Un AVC lacunaire,B,Correct! La confusion brutale chez une personne âgée évoque un delirium nécessitant la recherche d'une cause.,Le delirium se caractérise par une altération aiguë et fluctuante de la conscience.
115,Gériatrie,GER003,,2,Quelle cause recherchez-vous en priorité?,Un trouble métabolique,Une déshydratation,Une infection urinaire,Un fécalome,C,Parfait! L'infection urinaire est la cause la plus fréquente de delirium chez la personne âgée.,Chez les personnes âgées l'infection urinaire peut se manifester uniquement par une confusion.
116,Santé mentale,SM003,Kevin 17 ans est amené par ses parents pour consommation de cannabis. Il minimise et refuse tout soin.,1,Comment abordez-vous cette consultation?,En présence des parents uniquement,En recevant d'abord Kevin seul,En imposant un traitement,En menaçant de sanctions,B,Correct! L'entretien individuel favorise la confidence et l'établissement d'une relation thérapeutique.,L'alliance thérapeutique avec un adolescent nécessite confidentialité et respect de son autonomie.
117,Santé mentale,SM003,,2,Quelle approche privilégiez-vous?,Information sur les risques du cannabis,Confrontation directe,Écoute non-jugeante,Chantage affectif,C,Exact! L'approche non-jugeante et empathique favorise l'engagement thérapeutique de l'adolescent.,L'écoute bienveillante est la base de toute intervention en addictologie chez les jeunes.
118,Pharmacologie / Calculs,CALC010,,1,Un patient de 80 kg en choc septique reçoit de la noradrénaline 0.3 mcg/kg/min. Concentration: 4 mg/50 mL. Quel débit?,18 mL/h,1.8 mL/h,180 mL/h,0.18 mL/h,A,Correct! 80 kg × 0.3 mcg/kg/min = 24 mcg/min = 1.44 mg/h. 1.44 mg ÷ 0.08 mg/mL = 18 mL/h.,Dose en mcg/min × poids × 60 ÷ concentration en mcg/mL = débit en mL/h.
119,Urgences / Soins critiques,CARD004,Mme Duval présente un œdème pulmonaire aigu avec crépitants bilatéraux et saturation à 82%.,1,Quel traitement administrez-vous en urgence?,Diurétiques intraveineux,Vasodilatateurs,Morphine,Oxygène à haut débit,D,Correct! L'oxygénothérapie corrige immédiatement l'hypoxémie de l'OAP.,L'hypoxémie de l'OAP nécessite une oxygénothérapie immédiate avant les autres traitements.
120,Hors sujet OIIQ – à réviser,CARD004,,2,Quelle position installez-vous la patiente?,Décubitus dorsal,Position assise jambes pendantes,Trendelenburg,Décubitus latéral,B,Parfait! La position assise diminue le retour veineux et améliore la ventilation.,La position assise réduit la précharge et facilite la respiration en cas d'OAP.
121,Gestion et organisation des soins,PNEUMO004,M. Simard BPCO présente une exacerbation avec expectoration purulente et aggravation de la dyspnée.,1,Quel traitement débutez-vous en priorité?,Bronchodilatateurs,Corticoïdes oraux,Antibiothérapie,Kinésithérapie,A,Correct! Les bronchodilatateurs améliorent rapidement l'obstruction bronchique en exacerbation de BPCO.,Les bronchodilatateurs sont le traitement symptomatique immédiat des exacerbations de BPCO.
122,Hors sujet OIIQ – à réviser,PNEUMO004,,2,L'expectoration purulente justifie l'ajout de:,Mucolytiques,Antitussifs,Antibiotiques,Corticoïdes,C,Exact! L'expectoration purulente évoque une surinfection bactérienne nécessitant une antibiothérapie.,Les expectorations purulentes en exacerbation de BPCO indiquent une infection bactérienne.
123,Hors sujet OIIQ – à réviser,NEURO004,Mme Larose présente une faiblesse progressive des membres avec troubles de la déglutition et dysarthrie.,1,Ce tableau neurologique évoque:,Une sclérose en plaques,Une myasthénie,Un syndrome de Guillain-Barré,Une maladie de Parkinson,B,Correct! Faiblesse fluctuante avec atteinte bulbaire évoque une myasthénie auto-immune.,La myasthénie se caractérise par une faiblesse musculaire fluctuante avec atteinte oculo-bulbaire.
124,Hors sujet OIIQ – à réviser,NEURO004,,2,Quel test diagnostique réalisez-vous?,Test au Tensilon,Ponction lombaire,EMG,IRM cérébrale,A,Parfait! Le test au Tensilon améliore transitoirement la force musculaire en cas de myasthénie.,L'injection d'anticholinestérase améliore rapidement les symptômes myasthéniques.
125,Hors sujet OIIQ – à réviser,ENDO004,M. Patel diabétique présente polyurie polydipsie et glycémie à 25 mmol/L avec cétones positives.,1,Ce tableau évoque:,Un coma hyperosmolaire,Une acidocétose diabétique,Une hypoglycémie réactionnelle,Une déshydratation simple,B,Correct! Hyperglycémie avec cétose positive définit l'acidocétose diabétique.,La présence de cétones avec hyperglycémie caractérise l'acidocétose diabétique.
126,Gestion et organisation des soins,ENDO004,,2,Quelle complication surveillez-vous prioritairement?,L'hypoglycémie,L'hypokaliémie,L'hypernatrémie,L'hypercalcémie,B,Exact! Le traitement de l'acidocétose provoque souvent une hypokaliémie dangereuse.,L'insulinothérapie fait rentrer le potassium dans les cellules provoquant une hypokaliémie.
127,Médecine et chirurgie,NEPHRO003,Mme Chen présente une oligurie avec créatinine à 400 μmol/L et œdèmes déclives.,1,Cette insuffisance rénale nécessite:,Augmentation des apports hydriques,Restriction hydrique et sodée,Diurétiques de l'anse,Hémodialyse immédiate,B,Correct! L'insuffisance rénale avec œdèmes nécessite une restriction hydro-sodée.,La rétention hydro-sodée de l'insuffisance rénale impose des restrictions alimentaires.
128,Hors sujet OIIQ – à réviser,NEPHRO003,,2,Quel signe indique la nécessité d'une dialyse urgente?,Créatinine élevée,Œdème pulmonaire,Fatigue importante,Nausées,B,Parfait! L'œdème pulmonaire par surcharge est une indication de dialyse en urgence.,La surcharge hydrique avec OAP nécessite une épuration extra-rénale immédiate.
129,Gestion et organisation des soins,URG004,Un enfant de 4 ans est retrouvé inconscient près d'un flacon de médicaments vide de sa grand-mère.,1,Quelle est votre priorité immédiate?,Identifier le produit ingéré,Provoquer des vomissements,Maintenir les fonctions vitales,Administrer du charbon activé,C,Correct! En intoxication pédiatrique la priorité absolue est la stabilisation des fonctions vitales.,Le maintien des fonctions vitales prime sur l'identification du toxique en urgence.
130,Hors sujet OIIQ – à réviser,URG004,,2,Que ne devez-vous jamais faire?,Donner à boire,Provoquer des vomissements,Surveiller la conscience,Appeler le centre antipoison,B,Exact! Les vomissements provoqués peuvent aggraver les lésions en cas de produit caustique.,Les vomissements forcés sont contre-indiqués car ils peuvent aggraver les lésions œsophagiennes.
131,Pédiatrie,CALC011,,1,Un enfant de 20 kg doit recevoir du furosémide 1 mg/kg. Vous avez des ampoules de 20 mg/2 mL. Quel volume administrez-vous?,1 mL,2 mL,0.5 mL,4 mL,B,Correct! 20 kg × 1 mg/kg = 20 mg. 20 mg correspondent à 2 mL d'une ampoule de 20 mg/2 mL.,Dose = poids × dose/kg puis volume = dose ÷ concentration.
132,Hors sujet OIIQ – à réviser,HEMA002,M. Garon sous warfarine présente des ecchymoses multiples et des saignements gingivaux. INR = 6.,1,Quelle conduite adoptez-vous?,Continuer la warfarine,Diminuer la dose de warfarine,Arrêter la warfarine et donner vitamine K,Doubler la dose de warfarine,C,Correct! Un INR > 5 avec saignements nécessite l'arrêt et l'administration de vitamine K.,Un surdosage en anticoagulants avec hémorragies impose l'antidote (vitamine K).
133,Hors sujet OIIQ – à réviser,HEMA002,,2,Quelle surveillance renforcez-vous?,Les signes de thrombose,Les signes d'hémorragie grave,L'efficacité cardiaque,La fonction hépatique,B,Parfait! Avec un INR élevé et des saignements la surveillance hémorragique est prioritaire.,Un patient en surdosage anticoagulant risque des hémorragies potentiellement mortelles.
134,Hors sujet OIIQ – à réviser,GASTRO002,Mme Roy présente des douleurs épigastriques intenses irradiant dans le dos avec vomissements.,1,Ce tableau clinique évoque:,Un ulcère gastrique,Une pancréatite aiguë,Une cholécystite,Un reflux gastro-œsophagien,B,Correct! Douleur épigastrique transfixiante avec vomissements évoque une pancréatite aiguë.,La douleur épigastrique irradiant dans le dos est caractéristique de la pancréatite.
135,Hors sujet OIIQ – à réviser,GASTRO002,,2,Quel examen biologique demandez-vous?,Amylasémie,Transaminases,Bilirubine,Créatinine,A,Exact! L'élévation de l'amylase confirme le diagnostic de pancréatite aiguë.,L'amylasémie est le marqueur biologique principal de la pancréatite aiguë.
136,Hors sujet OIIQ – à réviser,GYNECO001,Julie 22 ans consulte pour des pertes vaginales malodorantes avec prurit vulvaire.,1,Quel prélèvement réalisez-vous?,Frottis cervical,Prélèvement vaginal pour culture,Biopsie vulvaire,Aucun prélèvement,B,Correct! Un prélèvement vaginal identifie le germe responsable et guide le traitement.,Les pertes vaginales anormales nécessitent un prélèvement bactériologique pour diagnostic.
137,Hors sujet OIIQ – à réviser,GYNECO001,,2,En attendant les résultats quel traitement proposez-vous?,Antifongique systémique,Antibiotique local,Aucun traitement,Traitement symptomatique,D,Parfait! En attendant les résultats seuls les soins d'hygiène et le soulagement symptomatique sont indiqués.,Il faut éviter les traitements empiriques qui peuvent masquer l'agent pathogène.
138,Hors sujet OIIQ – à réviser,OPHTA001,M. Vincent 60 ans présente brutalement une baisse d'acuité visuelle avec métamorphopsies.,1,Vous suspectez:,Un glaucome aigu,Une cataracte,Une DMLA exsudative,Un décollement rétinien,C,Correct! Baisse d'acuité brutale avec déformation des images évoque une DMLA exsudative.,Les métamorphopsies (déformation des lignes) sont caractéristiques de la DMLA exsudative.
139,Hors sujet OIIQ – à réviser,OPHTA001,,2,Quelle prise en charge proposez-vous?,Surveillance simple,Chirurgie immédiate,Consultation ophtalmologique urgente,Collyre anti-inflammatoire,C,Parfait! La DMLA exsudative nécessite un traitement spécialisé urgent pour préserver la vision.,La DMLA exsudative peut bénéficier d'injections intra-vitréennes si prise en charge rapidement.
140,Hors sujet OIIQ – à réviser,ORTHO001,Un sportif présente une douleur et gonflement du genou après un tackle au rugby.,1,Quel signe recherchez-vous pour suspecter une rupture ligamentaire?,Impossibilité d'extension,Tiroir antérieur positif,Douleur à la palpation,Impossibilité de flexion,B,Correct! Le tiroir antérieur teste la stabilité du ligament croisé antérieur.,Le test du tiroir antérieur évalue l'intégrité du ligament croisé antérieur.
141,Urgences / Soins critiques,ORTHO001,,2,Quelle immobilisation réalisez-vous en urgence?,Plâtre circulaire,Attelle amovible,Pas d'immobilisation,Strapping,B,Exact! Une attelle amovible immobilise temporairement en attendant l'évaluation spécialisée.,L'immobilisation temporaire protège le genou en attendant le bilan lésionnel complet.
142,Pharmacologie / Calculs,CALC012,,1,Vous devez diluer 1 ampoule de KCl 7.46% (10 mL) dans 500 mL de NaCl. Quelle est la concentration finale en %?,0.15%,1.5%,0.015%,15%,A,Correct! 7.46% × 10 mL ÷ 510 mL = 0.146% ≈ 0.15%.,Concentration = (concentration initiale × volume initial) ÷ volume total final.
143,Hors sujet OIIQ – à réviser,DERMO003,Un patient présente des lésions vésiculeuses douloureuses en bande sur l'hémi-thorax droit.,1,Vous diagnostiquez:,Un eczéma de contact,Un zona intercostal,Un impétigo,Un herpès génital,B,Correct! Les vésicules douloureuses en bande suivent la distribution d'un nerf et évoquent un zona.,Le zona se manifeste par des vésicules sur le trajet d'un dermatome.
144,Hors sujet OIIQ – à réviser,DERMO003,,2,Quel traitement instaurez-vous?,Corticoïdes topiques,Antiviraux per os,Antibiotiques locaux,Aucun traitement,B,Parfait! Les antiviraux réduisent la durée et l'intensité du zona s'ils sont débutés précocement.,Le traitement antiviral précoce diminue le risque de douleurs post-zostériennes.
145,Hors sujet OIIQ – à réviser,ADDIC001,M. Bernard alcoolique chronique présente des tremblements et sueurs 12h après son dernier verre.,1,Ces signes évoquent:,Une intoxication alcoolique,Un syndrome de sevrage,Une hypoglycémie,Une infection,B,Correct! Tremblements et sueurs 12h après l'arrêt évoquent un syndrome de sevrage alcoolique.,Le sevrage alcoolique débute 6-12h après l'arrêt avec tremblements et sueurs.
146,Hors sujet OIIQ – à réviser,ADDIC001,,2,Quel traitement préventif administrez-vous?,Alcool dilué,Benzodiazépines,Neuroleptiques,Vitamine B1,D,Exact! La vitamine B1 prévient l'encéphalopathie de Gayet-Wernicke chez l'alcoolique.,La thiamine prévient les complications neurologiques graves du sevrage alcoolique.
147,Hors sujet OIIQ – à réviser,REEDU001,Mme Caron post-AVC présente une hémiparésie gauche. Elle refuse la kinésithérapie.,1,Comment l'encouragez-vous?,En insistant sur l'obligation,En expliquant les bénéfices,En la culpabilisant,En abandonnant,B,Correct! L'explication pédagogique des bénéfices favorise l'adhésion thérapeutique.,L'éducation thérapeutique améliore la compliance et la motivation du patient.
148,Gestion et organisation des soins,REEDU001,,2,Quel professionnel impliquez-vous prioritairement?,Psychologue,Ergothérapeute,Orthophoniste,Assistant social,B,Parfait! L'ergothérapeute aide à récupérer l'autonomie dans les activités de la vie quotidienne.,L'ergothérapie est essentielle pour réapprendre les gestes du quotidien après un AVC.
149,Pharmacologie / Calculs,CALC013,,1,Un patient reçoit de l'héparine 25000 UI/250 mL à 20 mL/h. Quelle dose reçoit-il par heure?,2000 UI/h,200 UI/h,20000 UI/h,500 UI/h,A,Correct! 25000 UI ÷ 250 mL = 100 UI/mL. 20 mL/h × 100 UI/mL = 2000 UI/h.,Concentration × débit = dose par unité de temps.
150,Hors sujet OIIQ – à réviser,PALLI001,M. Durand en phase terminale souffre malgré la morphine. Sa famille demande d'augmenter les doses.,1,Quelle réponse donnez-vous?,Les doses sont suffisantes,On peut augmenter sans risque,Il faut accepter la douleur,C'est de l'euthanasie déguisée,B,Correct! En soins palliatifs on peut augmenter les antalgiques pour soulager même si cela raccourcit la vie.,Le principe du double effet autorise l'augmentation des antalgiques même avec risque vital.
151,Éthique et aspects légaux,PALLI001,,2,Quel principe éthique appliquez-vous?,Non-malfaisance,Autonomie,Proportionnalité thérapeutique,Justice,C,Parfait! La proportionnalité adapte les traitements aux bénéfices attendus en fin de vie.,La proportionnalité évite l'obstination déraisonnable tout en soulageant efficacement.
152,Médecine et chirurgie,MED010,"M. L., 72 ans, OAP aigu : dyspnée au repos, crépitants bilatéraux, SpO2 84% AA, TA 168/92, FC 118.",1,Quelle intervention est prioritaire?,Mettre en position allongée,Administrer O2 haut débit,Donner un anxiolytique,Encourager à boire de l'eau,B,Correct : L'oxygénothérapie corrige l'hypoxémie rapidement.,Incorrect : La priorité est d'améliorer l'oxygénation.
153,Médecine et chirurgie,MED010,"M. L., 72 ans, OAP aigu : dyspnée au repos, crépitants bilatéraux, SpO2 84% AA, TA 168/92, FC 118.",2,Quel signe clinique confirme une amélioration?,SpO2 92% et diminution dyspnée,FC 130/min,Crépitants augmentés,TA 90/60,A,Correct : La saturation qui remonte et la dyspnée qui diminue indiquent une amélioration.,Incorrect : Ces signes n'indiquent pas une amélioration.
154,Pharmacologie / Calculs,MED010,"M. L., 72 ans, OAP aigu : dyspnée au repos, crépitants bilatéraux, SpO2 84% AA, TA 168/92, FC 118.",3,Furosémide 80 mg IV à préparer. Ampoule 10 mg/mL. Quel volume?,4 mL,6 mL,8 mL,10 mL,C,Correct : 80 mg ÷ 10 mg/mL = 8 mL.,Incorrect : Le bon volume est 8 mL.
155,Gériatrie,GER010,"Mme P., 89 ans, confusion aiguë fluctuante depuis 24 h, récemment hospitalisée pour infection urinaire; douleur et déshydratation possibles.",1,Quel facteur contribuant au delirium est le plus probable à rechercher en premier?,Douleur non soulagée,Dépression chronique,Déficit cognitif ancien,Carence en vitamine C,A,Correct : La douleur aiguë non traitée est un déclencheur fréquent du delirium.,Incorrect : Prioriser les causes aiguës et réversibles.
156,Gestion et organisation des soins,GER010,"Mme P., 89 ans, confusion aiguë fluctuante depuis 24 h, récemment hospitalisée pour infection urinaire; douleur et déshydratation possibles.",2,Quelle mesure organisationnelle réduit le risque de chute durant le delirium?,Contention systématique,Assignation d'une cloche d'appel inaccessible,Surveillance rapprochée et environnement dégagé,Interdiction de lever,C,Correct : La surveillance et l'environnement sécuritaire préviennent les chutes.,Incorrect : Les contentions et interdictions augmentent les risques.
157,Périnatalité,PER010,"Mme T., 30 ans, 1 h post-accouchement, saignement abondant, utérus mou, TA 88/54, FC 124.",1,Quelle intervention immédiate prioritaire?,Massage du fond utérin,Appel au gynécologue uniquement,Administration d'antalgiques,Surveillance aux 4 h,A,Correct : Le massage utérin traite l'atonie cause fréquente d'HPP.,Incorrect : La priorité est le massage utérin.
158,Urgences / Soins critiques,PER010,"Mme T., 30 ans, 1 h post-accouchement, saignement abondant, utérus mou, TA 88/54, FC 124.",2,Quel soluté initier en premier?,D5W,"NaCl 0,9% en bolus",Ringer lactate goutte à goutte lent,Aucun,B,Correct : Réanimation volémique rapide avec cristalloïde isotonique.,Incorrect : Il faut restaurer la volémie rapidement.
159,Pédiatrie,PED010,"Bébé de 3 mois, bronchiolite : tirage, geignements, SpO2 89% AA, apports diminués.",1,Première intervention prioritaire?,Position ventrale,Oxygénothérapie,Antibiotique IV,Jeûne strict,B,Correct : L'oxygénothérapie vise à corriger l'hypoxémie.,Incorrect : La priorité est l'oxygénation.
160,Communication et relation thérapeutique,PED010,"Bébé de 3 mois, bronchiolite : tirage, geignements, SpO2 89% AA, apports diminués.",2,Quel conseil aux parents est le plus approprié?,Arrêter toute alimentation 24 h,Fractionner les petits volumes,Donner du jus à volonté,Aucun suivi nécessaire,B,Correct : Les petits volumes réduisent le travail respiratoire et le risque d'aspiration.,Incorrect : Le fractionnement est recommandé.
161,Santé mentale,SM010,"M. R., 28 ans, idées suicidaires avec plan et accès aux moyens; coopérant mais ambivalent.",1,Intervention prioritaire immédiate?,Laisser seul pour réfléchir,Surveillance constante et sécurisation,Appeler la famille seulement,Donner un somnifère,B,Correct : La sécurité et la surveillance sont prioritaires.,Incorrect : La sécurité passe avant tout.
162,Éthique et aspects légaux,SM010,"M. R., 28 ans, idées suicidaires avec plan et accès aux moyens; coopérant mais ambivalent.",2,"Sur le plan légal, quelle action est conforme?",Ignorer son risque s'il nie,Partager systématiquement aux proches sans consentement,Appliquer les protocoles de sécurité et documenter,Menacer d'une hospitalisation punitive,C,Correct : Respect du cadre légal avec documentation des mesures de sécurité.,Incorrect : Il faut appliquer les protocoles et documenter.
163,Urgences / Soins critiques,URG010,"Mme D., 64 ans, suspicion de sepsis : TA 86/54, FC 122, FR 26, T 39, lactate élevé, confusion.",1,Quel geste dans la première heure (survie du sepsis)?,Antibiothérapie IV à large spectre,Attendre l'hémoculture,Perfusion lente,Donner antipyrétique seulement,A,Correct : Débuter l'antibiothérapie IV dans l'heure améliore le pronostic.,Incorrect : L'antibiothérapie IV est prioritaire et rapide.
164,Gestion et organisation des soins,URG010,"Mme D., 64 ans, suspicion de sepsis : TA 86/54, FC 122, FR 26, T 39, lactate élevé, confusion.",2,Quelle organisation des soins est essentielle?,Triage à faible priorité,Activation du protocole sepsis,Reporter le bilan,Transport non monitoré,B,Correct : L'activation du protocole structure les interventions en temps opportun.,Incorrect : Le protocole sepsis doit être activé.
165,Santé communautaire / Santé publique,SP010,"CLSC : Enfant 7 ans, calendrier vaccinal incomplet, parents hésitants.",1,Intervention la plus appropriée?,Forcer la vaccination,Éducation et décision éclairée,Refuser le suivi,Signaler systématiquement,B,Correct : Information neutre et partagée pour décision éclairée.,Incorrect : L'approche éducative est attendue.
166,Communication et relation thérapeutique,SP010,"CLSC : Enfant 7 ans, calendrier vaccinal incomplet, parents hésitants.",2,Stratégie de communication efficace?,Langage alarmiste,Écoute active des préoccupations,Culpabiliser les parents,Ignorer les questions,B,Correct : L'écoute active favorise l'alliance et réduit l'hésitation.,Incorrect : L'écoute est essentielle.
167,Pharmacologie / Calculs,CALC020,"Prescription : Vancomycine 1 g dans 250 mL NaCl 0,9 % en 120 min. Tubulure 15 gtt/mL.",1,Quel est le débit en gouttes/min?,31 gtt/min,16 gtt/min,125 gtt/min,2 gtt/min,A,"Correct : 250 mL/120 min = 2,083 mL/min × 15 = ~31 gtt/min.",Incorrect : Le débit correct est ~31 gtt/min.
168,Pharmacologie / Calculs,CALC020,"Prescription : Vancomycine 1 g dans 250 mL NaCl 0,9 % en 120 min. Tubulure 15 gtt/mL.",2,"Pour un pousse-seringue 1 g/50 mL sur 2 h, débit mL/h ?",50 mL/h,25 mL/h,1 mL/h,100 mL/h,B,Correct : 50 mL / 2 h = 25 mL/h.,Incorrect : Le débit est 25 mL/h.
169,Éthique et aspects légaux,ETH010,"Mme C., 16 ans, souhaite contraception sans informer ses parents; elle est orientée.",1,Quelle conduite respecte la loi et l'éthique?,Exiger autorisation parentale,Refuser le service,Respecter la confidentialité et informer sur options,Prévenir obligatoirement les parents,C,Correct : Confidentialité pour soins liés à la santé sexuelle des mineures.,Incorrect : La confidentialité doit être respectée.
170,Communication et relation thérapeutique,ETH010,"Mme C., 16 ans, souhaite contraception sans informer ses parents; elle est orientée.",2,Quelle approche relationnelle?,Juger sa décision,Écoute empathique et soutien,Dissuader fermement,Menacer d'en parler,B,Correct : L'écoute et le soutien facilitent une décision informée.,Incorrect : L'approche doit être empathique.
171,Gestion et organisation des soins,GES010,"Un quart de soir avec 28 patients, deux infirmières et une CEPI. Plusieurs soins techniques planifiés.",1,Quelle assignation est prioritaire pour la CEPI?,Patients stables avec surveillances simples,Patients instables sous vasopresseurs,Nouveau postop immédiat,Trauma en salle de choc,A,Correct : Les CEPI sont assignées à des patients stables selon leur champ de compétence.,Incorrect : On évite d'assigner des patients instables à une CEPI.
172,Gestion et organisation des soins,GES010,"Un quart de soir avec 28 patients, deux infirmières et une CEPI. Plusieurs soins techniques planifiés.",2,Quel principe de priorisation appliquer?,Ordre d'arrivée,Complexité/instabilité clinique d'abord,Préférences du personnel,Tâches les plus rapides d'abord,B,Correct : Prioriser selon l'instabilité/gravité clinique.,Incorrect : Les priorités se basent sur la gravité.
173,Pédiatrie,PED011,"Enfant 18 mois, diarrhée aiguë, fontanelle déprimée, muqueuses sèches, TA normale, poids -8%.",1,Degré de déshydratation probable?,Légère (<3%),Modérée (3-9%),Sévère (>10%),Impossible à dire,B,Correct : Les signes et la perte de poids de 8% évoquent une déshydratation modérée.,Incorrect : Les données pointent une déshydratation modérée.
174,Santé communautaire / Santé publique,PED011,"Enfant 18 mois, diarrhée aiguë, fontanelle déprimée, muqueuses sèches, TA normale, poids -8%.",2,Conseil de réhydratation à domicile?,Boissons sucrées uniquement,Solution de réhydratation orale fractionnée,Eau pure à volonté,Aucun liquide 6 h,B,Correct : La SRO fractionnée est la recommandation standard.,Incorrect : Utiliser une SRO par petites quantités fréquemment.
175,Urgences / Soins critiques,NEU010,"M. S., 66 ans, dysarthrie, hémiparésie droite, installation < 90 min.",1,Action prioritaire?,Scanner cérébral sans délai,IRM programmée demain,Observation seule,Antalgique et retour maison,A,Correct : Le scanner urgent distingue ischémie d'hémorragie avant thrombolyse.,Incorrect : L'imagerie cérébrale urgente est nécessaire.
176,Communication et relation thérapeutique,NEU010,"M. S., 66 ans, dysarthrie, hémiparésie droite, installation < 90 min.",2,Message clé à la famille?,Le temps n'est pas un facteur,Chaque minute compte pour le cerveau,On verra demain,Il n'y a rien à faire,B,Correct : Le pronostic dépend de la rapidité de prise en charge.,Incorrect : Le facteur temps est crucial.
177,Périnatalité,PER011,"Mme B., 34 SA, céphalées, phosphènes, TA 168/110, protéinurie positive.",1,Complication à prévenir en priorité?,Hémorragie digestive,Éclampsie (convulsions),Thrombose veineuse profonde,Hypoglycémie,B,Correct : Le risque convulsif d'éclampsie est majeur.,Incorrect : Prévention de l'éclampsie prioritaire.
178,Pharmacologie / Calculs,PER011,"Mme B., 34 SA, céphalées, phosphènes, TA 168/110, protéinurie positive.",2,Sulfate de magnésium bolus 4 g sur 20 min. Flacon 20% (200 mg/mL). Volume à administrer?,10 mL,20 mL,5 mL,40 mL,D,Correct : 4 g = 4000 mg; 4000/200 = 20 mL pour 2 g → mais dose est 4 g → 40 mL.,Incorrect : Le volume requis est 40 mL pour 4 g à 200 mg/mL.
179,Santé mentale,SM011,"M. T., 45 ans, tremblements, agitation, TA 160/96, sueurs 12 h après dernier verre.",1,Quel outil de surveillance utiliser?,Score de Glasgow,CIWA-Ar,APGAR,CAM-ICU,B,Correct : CIWA-Ar évalue la sévérité du sevrage alcoolique.,Incorrect : CIWA-Ar est l'outil recommandé.
180,Médecine et chirurgie,SM011,"M. T., 45 ans, tremblements, agitation, TA 160/96, sueurs 12 h après dernier verre.",2,Quel déficit vitaminiques prévenir?,Vitamine C,Thiamine (B1),Vitamine D,Vitamine K,B,Correct : La thiamine prévient l'encéphalopathie de Wernicke.,Incorrect : La B1 est prioritaire en sevrage alcoolique.
181,Urgences / Soins critiques,SCI010,"Jeune adulte polytraumatisé, suspicion d'hémorragie interne, TA 82/48, peau froide, confusion.",1,Priorité selon ABC?,Évaluer neuro en premier,Assurer voie aérienne et oxygénation,Bilan complet de la douleur,Préparer repas,B,Correct : A-B-C d'abord; voie aérienne et oxygénation prioritaire.,Incorrect : ABC priorise l'oxygénation.
182,Gestion et organisation des soins,SCI010,"Jeune adulte polytraumatisé, suspicion d'hémorragie interne, TA 82/48, peau froide, confusion.",2,Organisation la plus appropriée?,Attendre le médecin sans rien faire,Activer code trauma et assigner rôles,Envoyer seul en imagerie,Déléguer à un seul intervenant,B,Correct : L'activation du code trauma coordonne l'équipe et accélère les soins.,Incorrect : Un code trauma structuré est nécessaire.
183,Santé communautaire / Santé publique,SP011,"Clinique jeunesse : adolescent multi-partenaires, rapports non protégés, souhaite dépistage ITSS.",1,Intervention la plus complète?,Dépistage uniquement,Éducation + dépistage + distribution de condoms,Remettre une brochure,Reporter si asymptomatique,B,Correct : Approche intégrée prévention/dépistage/éducation.,Incorrect : Combiner dépistage et prévention.
184,Éthique et aspects légaux,SP011,"Clinique jeunesse : adolescent multi-partenaires, rapports non protégés, souhaite dépistage ITSS.",2,Concernant la confidentialité?,Informer les parents automatiquement,Respecter la confidentialité selon la loi,Refuser l'accès aux soins,Publier les résultats,B,Correct : La confidentialité s'applique aux soins de santé sexuelle.,Incorrect : La loi protège la confidentialité.
185,Pharmacologie / Calculs,CALC021,"Noradrénaline 0,2 mcg/kg/min pour 75 kg. Préparation : 4 mg dans 50 mL (80 mcg/mL).",1,Quel débit en mL/h?,11.3 mL/h,9.0 mL/h,18.0 mL/h,1.1 mL/h,A,"Correct : 0,2×75=15 mcg/min → 900 mcg/h; 900/80 ≈ 11,25 mL/h.","Incorrect : Le débit approché est 11,3 mL/h."
186,Urgences / Soins critiques,MED011,"Patiente DT1, nausées, FR 28, haleine acétonique, glycémie 24 mmol/L, cétonurie positive.",1,Mesure initiale prioritaire?,Insuline IV bolus immédiatement sans bilan,"Hydratation IV NaCl 0,9%",Restriction hydrique,Donner glucides PO,B,Correct : La réhydratation IV est prioritaire dans l'ACD.,Incorrect : Prioriser la réhydratation.
187,Pharmacologie / Calculs,MED011,"Patiente DT1, nausées, FR 28, haleine acétonique, glycémie 24 mmol/L, cétonurie positive.",2,Insuline IV en seringue de 1 U/mL à 6 U/h. Débit mL/h?,"0,6 mL/h",6 mL/h,60 mL/h,1 mL/h,B,Correct : 6 U/h ÷ 1 U/mL = 6 mL/h.,Incorrect : Le débit est 6 mL/h.
188,Gériatrie,GER011,"Mme A., 92 ans, alitée, IMC 17, incontinence; rougeur sacrée persistante.",1,Intervention prioritaire de prévention?,Massage vigoureux de la rougeur,Changement de position q2h,Restriction hydrique,Application d'alcool,B,Correct : Le repositionnement fréquent réduit la pression prolongée.,Incorrect : Le repositionnement est clé.
189,Gestion et organisation des soins,GER011,"Mme A., 92 ans, alitée, IMC 17, incontinence; rougeur sacrée persistante.",2,Quel outil utiliser pour le risque d'escarres?,CIWA-Ar,EVA,Échelle de Braden,Score CHA2DS2-VASc,C,Correct : L'échelle de Braden évalue le risque de lésions de pression.,Incorrect : Utiliser Braden pour le risque d'escarres.
190,Médecine et chirurgie,HEMA010,"M. G., warfarine, gencives qui saignent, INR 6.",1,Conduite prioritaire?,Poursuivre la warfarine,Vitamine K et arrêt temporaire,Doubler la warfarine,Ne rien faire,B,Correct : INR très élevé avec saignements → vitamine K et arrêt.,Incorrect : Il faut corriger le surdosage.
191,Gestion et organisation des soins,HEMA010,"M. G., warfarine, gencives qui saignent, INR 6.",2,Surveillance prioritaire?,Signes d'hémorragie active,Douleur chronique,Sommeil,Appétit,A,Correct : Risque d'hémorragies graves.,Incorrect : La surveillance des saignements est prioritaire.
